"300002285","아비루즈 ha-15","//image.wconcept.co.kr/productimg/image/img2/85/300002285.jpg","m.wconcept.co.kr/product/300002285","5900","5900"
"300002301","아비루즈 bt-16","//image.wconcept.co.kr/productimg/image/img2/01/300002301.jpg","m.wconcept.co.kr/product/300002301","5900","5900"
"300003606","CANVAS TOTE BAG-BROWN","//image.wconcept.co.kr/productimg/image/img2/06/300003606.jpg","m.wconcept.co.kr/product/300003606","98000","98000"
"300005964","WORK#1-5","//image.wconcept.co.kr/productimg/image/img2/64/300005964.jpg","m.wconcept.co.kr/product/300005964","6000","6000"
"300005968","WORK#1-1","//image.wconcept.co.kr/productimg/image/img2/68/300005968.jpg","www.wconcept.co.kr/product/300005968","6000","6000"
"300373871","아비루즈 남성용 삭스 HA-46","//image.wconcept.co.kr/productimg/image/img2/71/300373871.jpg","m.wconcept.co.kr/product/300373871","7900","6900"
"301049180","GANA DRESS","//image.wconcept.co.kr/productimg/image/img2/80/301049180.jpg","m.wconcept.co.kr/product/301049180","138000","138000"
"300938467","CANVAS SHOES NATURAL","//image.wconcept.co.kr/productimg/image/img2/67/300938467.jpg","www.wconcept.co.kr/product/300938467","79000","39500"
"301059220","5팩 여성용 HWBY-SET","//image.wconcept.co.kr/productimg/image/img2/20/301059220.jpg","m.wconcept.co.kr/product/301059220","25800","25800"
"301036244","TWISTED LOGO PRENDA TIE-DYE CREWNECK SWEATSHIRT BLUE","//image.wconcept.co.kr/productimg/image/img2/44/301036244.jpg","m.wconcept.co.kr/product/301036244","65000","39000"
"300923431","[단독]LONDE BAG CANVAS_IVORY","//image.wconcept.co.kr/productimg/image/img2/31/300923431.jpg","m.wconcept.co.kr/product/300923431","269000","269000"
"301135026","MILITARY LEATHER HIGH _ BLACK","//image.wconcept.co.kr/productimg/image/img2/26/301135026.jpg","m.wconcept.co.kr/product/301135026","159000","127200"
"301157258","STRING POINT RUFFLE ONEPIECE_BLACK","//image.wconcept.co.kr/productimg/image/img2/58/301157258.jpg","m.wconcept.co.kr/product/301157258","148000","103600"
"301118002","Vivian loafer_choco brown","//image.wconcept.co.kr/productimg/image/img2/02/301118002.jpg","m.wconcept.co.kr/product/301118002","198000","198000"
"301130253","20FW CALLA23 Twinkle ops Premium  Tweed Navy(네이비)","//image.wconcept.co.kr/productimg/image/img2/53/301130253.jpg","m.wconcept.co.kr/product/301130253","219000","175200"
"300991123","GEO CHECK BAG_brown","//image.wconcept.co.kr/productimg/image/img2/23/300991123.jpg","m.wconcept.co.kr/product/300991123","166000","166000"
"301084235","OVER SHOULDER CHECK PADDED LINING COAT_GREY (EETZ4CTR01W)","//image.wconcept.co.kr/productimg/image/img2/35/301084235.jpg","m.wconcept.co.kr/product/301084235","399000","299250"
"300872226","리틀 드롭스 아임 레디 100ml","//image.wconcept.co.kr/productimg/image/img2/26/300872226.jpg","m.wconcept.co.kr/product/300872226","24000","20400"
"301139846","Bandana Velvet Hair Band_HB0102","//image.wconcept.co.kr/productimg/image/img2/46/301139846.jpg","m.wconcept.co.kr/product/301139846","42000","35700"
"300449244","마이 마사지스틱","//image.wconcept.co.kr/productimg/image/img2/44/300449244.jpg","m.wconcept.co.kr/product/300449244","21900","21900"
"301103098","[CU5848-010] AS W NSW SYN PARKA TREND","//image.wconcept.co.kr/productimg/image/img2/98/301103098.jpg","m.wconcept.co.kr/product/301103098","279000","167400"
"301156471","work#0-middle(black)","//image.wconcept.co.kr/productimg/image/img2/71/301156471.jpg","m.wconcept.co.kr/product/301156471","5000","5000"